Symbol,Company,EV,SharesOutstanding,Price,PriceChange,Sector,Industry
MMM,3M Company,69835202560,551672000,103.55999755859375,0.5632137877196989,Industrials,Conglomerates
AOS,A. O. Smith Corporation,10377111552,124538000,70.04499816894531,0.3797623515983253,Industrials,Specialty Industrial Machinery
ABT,Abbott Laboratories,201776005120,1737949952,112.01000213623047,0.4574010190407792,Healthcare,Medical Devices
ABBV,AbbVie Inc.,323663429632,1764140032,150.2949981689453,-0.8738964721373776,Healthcare,Drug Manufacturers—General
ACN,Accenture plc,172430426112,631532032,277.7099914550781,0.3505064157975413,Technology,Information Technology Services
ATVI,"Activision Blizzard, Inc.",50754998272,784273984,75.8949966430664,-0.13816231175472862,Communication Services,Electronic Gaming & Multimedia
ADM,Archer-Daniels-Midland Company,53360586752,544635008,75.61750030517578,0.1291052769806478,Consumer Defensive,Farm Products
ADBE,Adobe Inc.,170095607808,458700000,360.375,-2.247328161449581,Technology,Software—Infrastructure
AAP,"Advance Auto Parts, Inc.",11105020928,59273800,124.33999633789062,0.17724487422705482,Consumer Cyclical,Specialty Retail
AMD,"Advanced Micro Devices, Inc.",141626408960,1611389952,83.78500366210938,-6.812363850395531,Technology,Semiconductors
AES,The AES Corporation,41135435776,669030976,22.4950008392334,-0.46459805648939373,Utilities,Utilities—Diversified
AFL,Aflac Incorporated,45203546112,605952000,68.69999694824219,0.08740814137847747,Financial Services,Insurance—Life
A,"Agilent Technologies, Inc.",41657815040,295702016,135.44500732421875,0.6876355368857714,Healthcare,Diagnostics & Research
APD,"Air Products and Chemicals, Inc.",71187603456,222083008,293.4205017089844,0.2701369336651675,Basic Materials,Specialty Chemicals
AKAM,"Akamai Technologies, Inc.",14408838144,156304000,78.7699966430664,-0.24063241759572887,Technology,Software—Infrastructure
ALK,"Alaska Air Group, Inc.",6835817984,127243000,43.560001373291016,0.4380940126608674,Industrials,Airlines
ALB,Albemarle Corporation,22383091712,117299000,178.3699951171875,2.8662024897275056,Basic Materials,Specialty Chemicals
ARE,"Alexandria Real Estate Equities, Inc.",35165593600,173014000,119.63999938964844,0.07528179811663768,Real Estate,REIT—Office
ALGN,"Align Technology, Inc.",22817415168,76739000,303.8900146484375,-0.9614083403606033,Healthcare,Medical Devices
ALLE,Allegion plc,11609634816,87946704,110.0999984741211,0.44703811159665574,Industrials,Security & Protection Services
LNT,Alliant Energy Corporation,22547040256,251138000,54.5099983215332,-0.05500857804693073,Utilities,Utilities—Regulated Electric
ALL,The Allstate Corporation,35749380096,263330000,111.95999908447266,-0.3825971309968363,Financial Services,Insurance—Property & Casualty
GOOGL,Alphabet Inc.,1251639033856,5941000192,105.83000183105469,0.4842402497670854,Communication Services,Internet Content & Information
GOOG,Alphabet Inc.,1260019122176,5873999872,106.5,0.49065861483298356,Communication Services,Internet Content & Information
MO,"Altria Group, Inc.",105742163968,1785040000,47.185001373291016,0.01060062164267891,Consumer Defensive,Tobacco
AMZN,"Amazon.com, Inc.",1177422397440,10260400128,104.76000213623047,1.0904198940755316,Consumer Cyclical,Internet Retail
AMCR,Amcor plc,22897876992,1485779968,9.979999542236328,-8.608062800033625,Consumer Cyclical,Packaging & Containers
AEE,Ameren Corporation,38323384320,262475008,88.97000122070312,-0.1571078210042357,Utilities,Utilities—Regulated Electric
AAL,American Airlines Group Inc.,39681261568,652862976,13.858499526977539,0.6426980898877233,Industrials,Airlines
AEP,"American Electric Power Company, Inc.",87767490560,514407008,91.12000274658203,-0.1752818288978636,Utilities,Utilities—Regulated Electric
AXP,American Express Company,116551639040,743241024,153.67999267578125,0.28058249643148453,Financial Services,Credit Services
AIG,"American International Group, Inc.",54954258432,733667968,51.97999954223633,0.09628257700043984,Financial Services,Insurance—Diversified
AMT,American Tower Corporation,143354757120,466043008,195.36500549316406,-0.39004461675212,Real Estate,REIT—Specialty
AWK,"American Water Works Company, Inc.",39547805696,194644000,147.08999633789062,0.2385146094388823,Utilities,Utilities—Regulated Water
AMP,"Ameriprise Financial, Inc.",26089480192,105279000,297.2900085449219,1.0503088188041763,Financial Services,Asset Management
ABC,AmerisourceBergen Corporation,39188226048,202258000,167.2949981689453,-1.1025075851588344,Healthcare,Medical Distribution
AME,"AMETEK, Inc.",33501659136,230280992,146.52999877929688,0.6387354253412642,Industrials,Specialty Industrial Machinery
AMGN,Amgen Inc.,157684629504,534327008,231.23500061035156,-2.0066107512177127,Healthcare,Drug Manufacturers—General
APH,Amphenol Corporation,48006844416,595318976,75.3499984741211,-0.013271663852051065,Technology,Electronic Components
ADI,"Analog Devices, Inc.",97216184320,505852992,183.0050048828125,-0.35663460589540275,Technology,Semiconductors
ANSS,"ANSYS, Inc.",27634378752,86810704,311.6700134277344,0.9228720379944245,Technology,Software—Application
AON,Aon plc,76737429504,204246000,321.8800048828125,0.3022669542278131,Financial Services,Insurance Brokers
APA,APA Corporation,17904173056,311047008,34.43000030517578,0.203726150104138,Energy,Oil & Gas E&P
AAPL,Apple Inc.,2726385680384,15821899776,170.14999389648438,0.9552592242105038,Technology,Consumer Electronics
AMAT,"Applied Materials, Inc.",97527128064,845118016,113.06500244140625,0.8068852009684857,Technology,Semiconductor Equipment & Materials
APTV,Aptiv PLC,33403336704,271047008,101.65499877929688,0.41983481112009385,Consumer Cyclical,Auto Parts
ANET,"Arista Networks, Inc.",38160994304,306395008,134.23500061035156,-0.5519331676162597,Technology,Computer Hardware
AJG,Arthur J. Gallagher & Co.,50761969664,214246000,211.4438934326172,0.6396446609315533,Financial Services,Insurance Brokers
AIZ,"Assurant, Inc.",6393763328,52920900,133.22999572753906,10.271474695860842,Financial Services,Insurance—Specialty
T,AT&T Inc.,284059435008,7149000192,17.180999755859375,0.6502621901545091,Communication Services,Telecom Services
ATO,Atmos Energy Corporation,24550998016,144484992,113.50499725341797,1.0730162541566979,Utilities,Utilities—Regulated Gas
ADSK,"Autodesk, Inc.",41922486272,214783008,194.19000244140625,0.9198640689150103,Technology,Software—Application
ADP,"Automatic Data Processing, Inc.",91031592960,413500000,218.0500030517578,0.6973321565335829,Industrials,Staffing & Employment Services
AZO,"AutoZone, Inc.",59535028224,18397700,2708.43994140625,0.2053336024126075,Consumer Cyclical,Specialty Retail
AVB,"AvalonBay Communities, Inc.",32737146880,140010000,178.5399932861328,0.16268908057941797,Real Estate,REIT—Residential
AVY,Avery Dennison Corporation,17336639488,81109000,173.25999450683594,-0.057686601963587984,Consumer Cyclical,Packaging & Containers
BKR,Baker Hughes Company,31023106048,1012360000,27.479999542236328,0.4753182531492749,Energy,Oil & Gas Equipment & Services
BAC,Bank of America Corporation,-93971144704,7969149952,28.329999923706055,0.6036929108879777,Financial Services,Banks—Diversified
BBWI,"Bath & Body Works, Inc.",12737308672,228951008,34.68000030517578,0.2312147548432943,Consumer Cyclical,Specialty Retail
BAX,Baxter International Inc.,39058014208,505849984,47.21500015258789,0.43607775492000134,Healthcare,Medical Instruments & Supplies
BDX,"Becton, Dickinson and Company",90736410624,283902016,264.1600036621094,0.14026447632941147,Healthcare,Medical Instruments & Supplies
BBY,"Best Buy Co., Inc.",17886947328,218046000,73.77999877929688,0.7923480591487324,Consumer Cyclical,Specialty Retail
BIO,"Bio-Rad Laboratories, Inc.",12959313920,24521600,456.9549865722656,1.2126753283125735,Healthcare,Medical Devices
TECH,Bio-Techne Corporation,12705872896,157275008,82.9800033569336,3.466338350291261,Healthcare,Biotechnology
BIIB,Biogen Inc.,46589579264,144742000,315.7752990722656,2.100135499309898,Healthcare,Drug Manufacturers—General
BLK,"BlackRock, Inc.",101727199232,149904992,659.1500244140625,1.180429253378943,Financial Services,Asset Management
BK,The Bank of New York Mellon Corporation,-53631135744,789134016,41.54999923706055,-0.1441979402534308,Financial Services,Asset Management
BA,The Boeing Company,162921873408,601593984,205.42999267578125,1.0725671221555966,Industrials,Aerospace & Defense
BKNG,Booking Holdings Inc.,103041859584,37112300,2711.260009765625,-0.17635869127502002,Consumer Cyclical,Travel Services
BWA,BorgWarner Inc.,14456386560,233784992,47.43000030517578,0.27484208282406786,Consumer Cyclical,Auto Parts
BXP,"Boston Properties, Inc.",24520435712,156830000,50.45500183105469,-1.474317846017015,Real Estate,REIT—Office
BSX,Boston Scientific Corporation,84171390976,1437330048,52.91999816894531,0.03780372201382594,Healthcare,Medical Devices
BMY,Bristol-Myers Squibb Company,173245693952,2100850048,67.2699966430664,-1.21880081781731,Healthcare,Drug Manufacturers—General
AVGO,Broadcom Inc.,292725456896,416924000,619.0349731445312,1.093342447746549,Technology,Semiconductors
BR,"Broadridge Financial Solutions, Inc.",21050079232,117693000,157.78500366210938,2.9525014107460423,Technology,Information Technology Services
BRO,"Brown & Brown, Inc.",22004885504,283644000,65.2300033569336,0.4775159533789156,Financial Services,Insurance Brokers
CHRW,"C.H. Robinson Worldwide, Inc.",14164211712,116439000,105.73500061035156,1.278736216811836,Industrials,Integrated Freight & Logistics
CDNS,"Cadence Design Systems, Inc.",56744112128,272684000,208.4199981689453,-0.26319655024868943,Technology,Software—Application
CZR,"Caesars Entertainment, Inc.",35145052160,215200992,46.130001068115234,3.4768978647717272,Consumer Cyclical,Resorts & Casinos
CPB,Campbell Soup Company,20981415936,299476000,54.790000915527344,0.4399650147155758,Consumer Defensive,Packaged Foods
COF,Capital One Financial Corporation,41317101568,382444992,89.93000030517578,0.42434428272002694,Financial Services,Credit Services
CAH,"Cardinal Health, Inc.",22799812608,257639008,81.86499786376953,-0.6010225063507384,Healthcare,Medical Distribution
KMX,"CarMax, Inc.",30077540352,158091008,72.66000366210938,1.8645782449311323,Consumer Cyclical,Auto & Truck Dealerships
CCL,Carnival Corporation & plc,43314651136,1116009984,9.582099914550781,1.3978826936590685,Consumer Cyclical,Travel Services
CARR,Carrier Global Corporation,40713285632,834838016,42.0,0.4304160688665703,Industrials,Building Products & Equipment
CTLT,"Catalent, Inc.",13421134848,180090000,49.43000030517578,1.4573076871424107,Healthcare,Drug Manufacturers—Specialty & Generic
CBOE,"Cboe Global Markets, Inc.",15991520256,105743000,138.14500427246094,-0.4216793249758901,Financial Services,Financial Data & Stock Exchanges
CBRE,"CBRE Group, Inc.",27637272576,310832000,75.56999969482422,0.6258318173425093,Real Estate,Real Estate Services
CDW,CDW Corporation,29093998592,135136000,167.15499877929688,-0.4199935784005353,Technology,Information Technology Services
CE,Celanese Corporation,25153615872,110825000,102.19000244140625,0.15681901539375562,Basic Materials,Chemicals
CNC,Centene Corporation,41376718848,548769024,68.15499877929688,-0.4745929040641486,Healthcare,Healthcare Plans
CNP,"CenterPoint Energy, Inc.",18925150208,631028992,30.1299991607666,0.26622016894043543,Utilities,Utilities—Regulated Electric
CDAY,Ceridian HCM Holding Inc.,10867665920,152696992,63.415000915527344,-0.07090936727490876,Technology,Software—Application
CF,"CF Industries Holdings, Inc.",17594572800,195000000,74.30000305175781,0.3240656923545912,Basic Materials,Agricultural Inputs
CRL,"Charles River Laboratories International, Inc.",12597043200,51181800,192.13999938964844,1.6613753384383267,Healthcare,Diagnostics & Research
SCHW,The Charles Schwab Corporation,87519543296,1767820032,49.88999938964844,-0.4191628949133012,Financial Services,Capital Markets
CHTR,"Charter Communications, Inc.",156401319936,150575008,359.55499267578125,0.6508391444674948,Communication Services,Telecom Services
CVX,Chevron Corporation,315573108736,1894640000,158.42999267578125,-1.006003076867497,Energy,Oil & Gas Integrated
CMG,"Chipotle Mexican Grill, Inc.",59377438720,27589800,2054.570068359375,0.029702056484788585,Consumer Cyclical,Restaurants
CB,Chubb Limited,82186305536,414159008,200.24000549316406,-0.12967307074111598,Financial Services,Insurance—Property & Casualty
CHD,"Church & Dwight Co., Inc.",26085158912,244264000,97.58999633789062,0.587503955772654,Consumer Defensive,Household & Personal Products
CI,The Cigna Group,99259760640,297032992,246.5399932861328,-1.5493996940608479,Healthcare,Healthcare Plans
CINF,Cincinnati Financial Corporation,16233525248,157212992,104.6050033569336,0.9311109194650647,Financial Services,Insurance—Property & Casualty
CTAS,Cintas Corporation,49497444352,101702000,459.3299865722656,0.09806192735914171,Industrials,Specialty Business Services
CSCO,"Cisco Systems, Inc.",177778376704,4095820032,46.375,0.032355478861088374,Technology,Communication Equipment
C,Citigroup Inc.,-408989204480,1946460032,46.41999816894531,0.913039497707201,Financial Services,Banks—Diversified
CFG,"Citizens Financial Group, Inc.",27762120704,483982016,27.420000076293945,1.8195324036165823,Financial Services,Banks—Regional
CLX,The Clorox Company,23802601472,123525000,175.0850067138672,4.391251319978052,Consumer Defensive,Household & Personal Products
CME,CME Group Inc.,68756865024,359740000,184.6199951171875,-0.4904893455573229,Financial Services,Financial Data & Stock Exchanges
CMS,CMS Energy Corporation,32642934784,291656000,61.400001525878906,-0.1463627811369259,Utilities,Utilities—Regulated Electric
KO,The Coca-Cola Company,308023263232,4324579840,63.810001373291016,-0.31244903407122243,Consumer Defensive,Beverages—Non-Alcoholic
CTSH,Cognizant Technology Solutions Corporation,29522190336,507465984,59.72999954223633,0.5894232775956981,Technology,Information Technology Services
CL,Colgate-Palmolive Company,75265589248,829568000,81.0,0.18552875695733545,Consumer Defensive,Household & Personal Products
CMCSA,Comcast Corporation,267960680448,4159379968,41.15999984741211,-0.09708774899974142,Communication Services,Telecom Services
CMA,Comerica Incorporated,13848969216,131670000,37.880001068115234,1.7732430631790315,Financial Services,Banks—Regional
CAG,"Conagra Brands, Inc.",27721578496,476907008,38.48500061035156,0.09102889558272992,Consumer Defensive,Packaged Foods
COP,ConocoPhillips,132906156032,1211879936,96.95980072021484,-1.703365044388845,Energy,Oil & Gas E&P
ED,"Consolidated Edison, Inc.",58333786112,346438016,98.52999877929688,-0.04058153667760797,Utilities,Utilities—Regulated Electric
STZ,"Constellation Brands, Inc.",55026397184,183232000,228.9250030517578,0.5512377791355142,Consumer Defensive,Beverages—Wineries & Distilleries
CPRT,"Copart, Inc.",35813978112,476592992,79.44000244140625,0.9146372477213557,Consumer Cyclical,Auto & Truck Dealerships
GLW,Corning Incorporated,35080818688,850129984,32.43000030517578,-0.18467126754146118,Technology,Electronic Components
CTVA,"Corteva, Inc.",42491101184,712604992,60.744998931884766,0.17315127289704,Basic Materials,Agricultural Inputs
COST,Costco Wholesale Corporation,214337880064,443483008,495.29998779296875,0.09902544268885992,Consumer Defensive,Discount Stores
CTRA,Coterra Energy Inc.,20613373952,765504000,24.149999618530273,-0.6581669332362209,Energy,Oil & Gas E&P
CCI,Crown Castle Inc.,81296359424,434000000,118.37000274658203,-0.12655860058890042,Real Estate,REIT—Specialty
CSX,CSX Corporation,80209018880,2033049984,31.395000457763672,1.046026577932641,Industrials,Railroads
CMI,Cummins Inc.,32182663168,141540000,229.67999267578125,0.8961486012042101,Industrials,Specialty Industrial Machinery
CVS,CVS Health Corporation,148740964352,1279830016,70.61499786376953,-2.9480513142255,Healthcare,Healthcare Plans
DHI,"D.R. Horton, Inc.",40712806400,341071008,110.19999694824219,1.4919846640653796,Consumer Cyclical,Residential Construction
DHR,Danaher Corporation,194383446016,737899008,251.40890502929688,3.5499423490658115,Healthcare,Diagnostics & Research
DRI,"Darden Restaurants, Inc.",24047919104,120929000,151.47500610351562,-0.23381011426225878,Consumer Cyclical,Restaurants
DVA,DaVita Inc.,21184440320,90653696,88.79499816894531,0.5150533947762158,Healthcare,Medical Care Facilities
DE,Deere & Company,166021480448,296321984,389.0799865722656,1.3757130203922912,Industrials,Farm & Heavy Construction Machinery
DAL,"Delta Air Lines, Inc.",46524313600,642716992,34.55500030517578,0.07240169468803971,Industrials,Airlines
XRAY,DENTSPLY SIRONA Inc.,10850736128,212466000,41.380001068115234,-1.7102112396312756,Healthcare,Medical Instruments & Supplies
DVN,Devon Energy Corporation,38696554496,643843968,49.80500030517578,-1.784657256604653,Energy,Oil & Gas E&P
DXCM,"DexCom, Inc.",45363318784,387636000,117.26000213623047,-0.7280713374276463,Healthcare,Medical Devices
FANG,"Diamondback Energy, Inc.",32098725888,181423008,132.35000610351562,-1.999255014057302,Energy,Oil & Gas E&P
DLR,"Digital Realty Trust, Inc.",49461288960,291299008,94.63670349121094,-0.1195741517562665,Real Estate,REIT—Specialty
DFS,Discover Financial Services,34384564224,253946000,96.98989868164062,1.8587467776104034,Financial Services,Credit Services
DISH,DISH Network Corporation,25815439360,292716992,7.2891998291015625,3.5397702997381035,Communication Services,Telecom Services
DG,Dollar General Corporation,65535975424,219108000,218.72999572753906,-0.6856176318838297,Consumer Defensive,Discount Stores
DLTR,"Dollar Tree, Inc.",43705393152,221228000,154.00999450683594,-0.4395924062085851,Consumer Defensive,Discount Stores
D,"Dominion Energy, Inc.",94011301888,835251008,56.09000015258789,1.0084641681755617,Utilities,Utilities—Regulated Electric
DPZ,"Domino's Pizza, Inc.",16098591744,35339000,315.57000732421875,1.2773219051377693,Consumer Cyclical,Restaurants
DOV,Dover Corporation,23969959936,139851008,145.98500061035156,0.8601634726762147,Industrials,Specialty Industrial Machinery
DOW,Dow Inc.,51441803264,707315008,53.84000015258789,0.11156592150964949,Basic Materials,Chemicals
DTE,DTE Energy Company,42482782208,206108992,111.8499984741211,0.22401296964256223,Utilities,Utilities—Regulated Electric
DUK,Duke Energy Corporation,155465842688,770648000,97.6510009765625,0.05225509893699354,Utilities,Utilities—Regulated Electric
DD,"DuPont de Nemours, Inc.",31799494656,459016000,65.41999816894531,0.5997203889671096,Basic Materials,Specialty Chemicals
DXC,DXC Technology Company,9402780672,227682000,23.665000915527344,0.48832660521164767,Technology,Information Technology Services
EMN,Eastman Chemical Company,14800996352,119152000,80.7300033569336,0.3979646274513085,Basic Materials,Specialty Chemicals
ETN,Eaton Corporation plc,75898437632,398512992,173.94000244140625,0.3982698074494949,Industrials,Specialty Industrial Machinery
EBAY,eBay Inc.,25487781888,534503008,45.65999984741211,1.1968081724559219,Consumer Cyclical,Internet Retail
ECL,Ecolab Inc.,49576050688,284670016,177.3000030517578,1.7328454508594282,Basic Materials,Specialty Chemicals
EIX,Edison International,64095469568,382627008,72.81999969482422,-0.6277296740935895,Utilities,Utilities—Regulated Electric
EW,Edwards Lifesciences Corporation,52749623296,606217984,88.31999969482422,0.5807991058241846,Healthcare,Medical Devices
EA,Electronic Arts Inc.,34291554304,274228000,126.3550033569336,0.15456829179898318,Communication Services,Electronic Gaming & Multimedia
LLY,Eli Lilly and Company,399061024768,949273024,421.60150146484375,4.30517106997619,Healthcare,Drug Manufacturers—General
EMR,Emerson Electric Co.,61084508160,571400000,86.54000091552734,5.254197172862254,Industrials,Specialty Industrial Machinery
ENPH,"Enphase Energy, Inc.",20489977856,137044000,155.05999755859375,1.4259534004407082,Technology,Solar
ETR,Entergy Corporation,48450719744,211446000,105.14749908447266,-0.20169031466148749,Utilities,Utilities—Regulated Electric
EOG,"EOG Resources, Inc.",65581834240,587782016,110.26000213623047,-1.2095671210192014,Energy,Oil & Gas E&P
EFX,Equifax Inc.,30035279872,122644000,202.69000244140625,1.6856481419787475,Industrials,Consulting Services
EQIX,"Equinix, Inc.",79778299904,93514704,701.969970703125,-0.17065991109901718,Real Estate,REIT—Specialty
EQR,Equity Residential,31700049920,378904992,62.48500061035156,0.1201740271616182,Real Estate,REIT—Residential
ESS,"Essex Property Trust, Inc.",20050970624,64181600,217.22500610351562,0.025328592123975462,Real Estate,REIT—Residential
EL,The Estée Lauder Companies Inc.,92902948864,231678000,198.48809814453125,-19.05713312758696,Consumer Defensive,Household & Personal Products
ETSY,"Etsy, Inc.",13260661760,123329000,101.06999969482422,1.8953520464000617,Consumer Cyclical,Internet Retail
RE,"Everest Re Group, Ltd.",15417369600,39157200,380.6099853515625,-0.36387818021924084,Financial Services,Insurance—Reinsurance
EVRG,"Evergy, Inc.",26484215808,229583008,61.83000183105469,0.6347686052322425,Utilities,Utilities—Regulated Electric
ES,Eversource Energy,49920024576,348672992,76.68000030517578,0.31397214177889,Utilities,Utilities—Regulated Electric
EXC,Exelon Corporation,82268987392,994299008,42.58000183105469,0.02349502244464932,Utilities,Utilities—Regulated Electric
EXPE,"Expedia Group, Inc.",18228199424,143980992,93.22000122070312,-0.021448712244605195,Consumer Cyclical,Travel Services
EXPD,"Expeditors International of Washington, Inc.",17484034048,154456000,117.7750015258789,4.004769980465305,Industrials,Integrated Freight & Logistics
EXR,Extra Space Storage Inc.,20411086848,135007008,147.67999267578125,-2.3345065301360743,Real Estate,REIT—Industrial
XOM,Exxon Mobil Corporation,480134823936,4043000064,108.7750015258789,-1.2034500219083453,Energy,Oil & Gas Integrated
FFIV,"F5, Inc.",7622692864,60465000,132.88999938964844,0.8346607403053689,Technology,Software—Infrastructure
FAST,Fastenal Company,31444457472,571041984,54.790000915527344,0.8095693017982378,Industrials,Industrial Distribution
FRT,Federal Realty Investment Trust,12627465216,81511000,96.44999694824219,0.2598720875698385,Real Estate,REIT—Retail
FDX,FedEx Corporation,90123780096,251352000,229.08999633789062,0.30209997280675105,Industrials,Integrated Freight & Logistics
FIS,"Fidelity National Information Services, Inc.",51708481536,592432000,53.84000015258789,1.3363451018029138,Technology,Information Technology Services
FITB,Fifth Third Bancorp,35284963328,680537024,24.850000381469727,1.3871904588728068,Financial Services,Banks—Regional
FE,FirstEnergy Corp.,45373366272,572836992,38.83000183105469,0.20645633820564518,Utilities,Utilities—Regulated Electric
FISV,"Fiserv, Inc.",95980380160,617310016,119.62210083007812,0.303623033773369,Technology,Information Technology Services
FLT,"FLEETCOR Technologies, Inc.",21430179840,73828096,209.17999267578125,1.0092195063891287,Technology,Software—Infrastructure
FMC,FMC Corporation,18305626112,125142000,116.29000091552734,-0.111663876028739,Basic Materials,Agricultural Inputs
F,Ford Motor Company,156288352256,3915330048,11.989999771118164,1.6101675518488419,Consumer Cyclical,Auto Manufacturers
FTNT,"Fortinet, Inc.",48122302464,784065984,61.33100128173828,-0.17740676800409583,Technology,Software—Infrastructure
FTV,Fortive Corporation,25012170752,353550016,65.15499877929688,2.0278715616925704,Technology,Scientific & Technical Instruments
FOXA,Fox Corporation,22096605184,296916992,33.29999923706055,0.7259505053253013,Communication Services,Entertainment
FOX,Fox Corporation,20637253632,237644000,30.559999465942383,0.7583233298463057,Communication Services,Entertainment
BEN,"Franklin Resources, Inc.",15074760704,500358016,25.53499984741211,1.2490081182082098,Financial Services,Asset Management
FCX,Freeport-McMoRan Inc.,64711999488,1433250048,36.724998474121094,0.34152588557675495,Basic Materials,Copper
GPS,"The Gap, Inc.",8067946496,367828992,8.890000343322754,-0.22446303790399819,Consumer Cyclical,Apparel Retail
GRMN,Garmin Ltd.,17281609728,191416000,97.66999816894531,0.5145602232636728,Technology,Scientific & Technical Instruments
IT,"Gartner, Inc.",26773084160,79060600,306.635009765625,1.5381336354266666,Technology,Information Technology Services
GNRC,Generac Holdings Inc.,7876337664,61887500,118.76000213623047,15.52529390683898,Industrials,Specialty Industrial Machinery
GD,General Dynamics Corporation,68392087552,274336000,212.52000427246094,-0.23003414278158463,Industrials,Aerospace & Defense
GE,General Electric Company,113803329536,1090279936,101.88999938964844,0.3743467536680449,Industrials,Specialty Industrial Machinery
GIS,"General Mills, Inc.",63492247552,587353984,89.21499633789062,0.24156891897823035,Consumer Defensive,Packaged Foods
GM,General Motors Company,143363293184,1390119936,33.375,0.891777509068929,Consumer Cyclical,Auto Manufacturers
GPC,Genuine Parts Company,27613622272,140516000,172.4600067138672,0.8774021489630203,Consumer Cyclical,Specialty Retail
GILD,"Gilead Sciences, Inc.",93189120000,1248000000,80.1449966430664,-0.366737141886613,Healthcare,Drug Manufacturers—General
GPN,Global Payments Inc.,43365199872,263784000,103.52999877929688,2.789911417093801,Industrials,Specialty Business Services
GL,Globe Life Inc.,12240974848,96521200,108.51499938964844,0.9723638128300351,Financial Services,Insurance—Life
GS,"The Goldman Sachs Group, Inc.",59249041408,333795008,334.4700012207031,0.32996407016321816,Financial Services,Capital Markets
HAL,Halliburton Company,36485443584,902195008,29.770000457763672,-0.3014050309321084,Energy,Oil & Gas Equipment & Services
HBI,Hanesbrands Inc.,5861314048,349457984,5.244999885559082,6.8228082598591016,Consumer Cyclical,Apparel Manufacturing
HAS,"Hasbro, Inc.",11654729728,138598000,59.45000076293945,1.5371490400332297,Consumer Cyclical,Leisure
HCA,"HCA Healthcare, Inc.",120517656576,275190016,280.3699951171875,-0.06059915976777659,Healthcare,Medical Care Facilities
PEAK,"Healthpeak Properties, Inc.",18780862464,546995968,21.184999465942383,0.023604655063187426,Real Estate,REIT—Healthcare Facilities
HSIC,"Henry Schein, Inc.",13170697216,131195000,80.99500274658203,0.639913949530352,Healthcare,Medical Distribution
HES,Hess Corporation,51747164160,307051008,134.99000549316406,-1.5246531272512036,Energy,Oil & Gas E&P
HPE,Hewlett Packard Enterprise Company,30051133440,1295869952,14.15999984741211,-0.631580018160636,Technology,Communication Equipment
HLT,Hilton Worldwide Holdings Inc.,46903304192,264627008,147.3800048828125,0.972872624563231,Consumer Cyclical,Lodging
HOLX,"Hologic, Inc.",21043589120,246554000,85.0,1.2266285578182698,Healthcare,Medical Instruments & Supplies
HD,"The Home Depot, Inc.",346288095232,1012670016,297.8299865722656,1.2063295406638754,Consumer Cyclical,Home Improvement Retail
HON,Honeywell International Inc.,145437753344,665676992,198.64999389648438,0.1967083105439242,Industrials,Conglomerates
HRL,Hormel Foods Corporation,24665083904,546532992,40.66999816894531,1.1439894776058483,Consumer Defensive,Packaged Foods
HST,"Host Hotels & Resorts, Inc.",15829091328,712486976,16.2549991607666,1.7208958746345502,Real Estate,REIT—Hotel & Motel
HWM,Howmet Aerospace Inc.,18536237056,411804000,45.084999084472656,0.27802287471676024,Industrials,Aerospace & Defense
HPQ,HP Inc.,39901265920,985328000,30.225000381469727,0.3486068441889959,Technology,Computer Hardware
HUM,Humana Inc.,50009178112,124945000,527.6900024414062,-1.0073908300367118,Healthcare,Healthcare Plans
HBAN,Huntington Bancshares Incorporated,27156234240,1443609984,10.404999732971191,1.0194148832154435,Financial Services,Banks—Regional
HII,"Huntington Ingalls Industries, Inc.",10576834560,39925700,197.7100067138672,0.4981480780090468,Industrials,Aerospace & Defense
IBM,International Business Machines Corporation,158000971776,908044992,124.87999725341797,-0.22371584098915617,Technology,Information Technology Services
IEX,IDEX Corporation,16710515712,75576400,207.9199981689453,0.5756291631332283,Industrials,Specialty Industrial Machinery
IDXX,"IDEXX Laboratories, Inc.",41946984448,82903400,475.07501220703125,1.646414525018455,Healthcare,Diagnostics & Research
ITW,Illinois Tool Works Inc.,71504920576,304820992,233.16000366210938,-0.5247648525494311,Industrials,Specialty Industrial Machinery
ILMN,"Illumina, Inc.",32300279808,158052000,196.92999267578125,0.906944392181417,Healthcare,Diagnostics & Research
INCY,Incyte Corporation,15598632960,223086000,68.80000305175781,-1.6580859751889383,Healthcare,Biotechnology
IR,Ingersoll Rand Inc.,24444026880,404956992,57.345001220703125,0.4290739416867313,Industrials,Specialty Industrial Machinery
INTC,Intel Corporation,151464296448,4171000064,30.545000076293945,2.6032921608798985,Technology,Semiconductors
ICE,"Intercontinental Exchange, Inc.",76555558912,559699008,106.48500061035156,-0.5835117072621016,Financial Services,Financial Data & Stock Exchanges
IFF,International Flavors & Fragrances Inc.,35913568256,255067008,95.29000091552734,-0.8944348252445781,Basic Materials,Specialty Chemicals
IP,International Paper Company,17167172608,347056992,32.79499816894531,1.4696725524298027,Consumer Cyclical,Packaging & Containers
IPG,"The Interpublic Group of Companies, Inc.",16852384768,386032992,35.724998474121094,0.23849179046322438,Communication Services,Advertising Agencies
INTU,Intuit Inc.,128053280768,280545984,437.4150085449219,0.2188078048210364,Technology,Software—Application
ISRG,"Intuitive Surgical, Inc.",101561925632,350398016,304.5400085449219,1.1021872866748048,Healthcare,Medical Instruments & Supplies
IVZ,Invesco Ltd.,9589543936,458200000,16.844999313354492,2.588302760989589,Financial Services,Asset Management
IPGP,IPG Photonics Corporation,5616669184,47305400,117.9000015258789,-1.495528844616168,Technology,Semiconductor Equipment & Materials
IQV,IQVIA Holdings Inc.,46277918720,185548992,187.0800018310547,0.797414779663089,Healthcare,Diagnostics & Research
IRM,Iron Mountain Incorporated,29347305472,290896000,55.02000045776367,0.6218003982510464,Real Estate,REIT—Specialty
JBHT,"J.B. Hunt Transport Services, Inc.",19819005952,103648000,178.4149932861328,1.7769499635669144,Industrials,Integrated Freight & Logistics
JKHY,"Jack Henry & Associates, Inc.",12204351488,72990704,154.35000610351562,-3.5071229660442502,Technology,Information Technology Services
J,Jacobs Solutions Inc.,18458019840,126714000,115.62000274658203,1.0487700983936632,Industrials,Engineering & Construction
SJM,The J. M. Smucker Company,21227915264,106636000,159.05999755859375,0.22052646877559196,Consumer Defensive,Packaged Foods
JNJ,Johnson & Johnson,457163079680,2598729984,164.60499572753906,-0.25753152303274474,Healthcare,Drug Manufacturers—General
JCI,Johnson Controls International plc,51708841984,687174016,59.689998626708984,-0.33394785989483416,Industrials,Building Products & Equipment
JPM,JPMorgan Chase & Co.,-364893077504,2922299904,138.0850067138672,-0.6010605284572417,Financial Services,Banks—Diversified
JNPR,"Juniper Networks, Inc.",10305372160,321592000,29.204999923706055,0.08567485848545227,Technology,Communication Equipment
K,Kellogg Company,31699480576,342668000,71.51000213623047,0.46361637571011793,Consumer Defensive,Packaged Foods
KEY,KeyCorp,43867074560,935228992,9.954999923706055,2.523171201916105,Financial Services,Banks—Regional
KEYS,"Keysight Technologies, Inc.",25541171200,178139008,143.97000122070312,1.0883311478044781,Technology,Scientific & Technical Instruments
KMB,Kimberly-Clark Corporation,57516023808,337380992,145.6699981689453,-0.14395518991957976,Consumer Defensive,Household & Personal Products
KIM,Kimco Realty Corporation,18647922688,619891968,18.524999618530273,-0.026985329032529405,Real Estate,REIT—Retail
KMI,"Kinder Morgan, Inc.",70120448000,2248019968,16.600000381469727,-0.4796140199656663,Energy,Oil & Gas Midstream
KLAC,KLA Corporation,55093788672,137199008,379.8500061035156,0.36993159030668155,Technology,Semiconductor Equipment & Materials
KHC,The Kraft Heinz Company,68345384960,1227000064,41.17499923706055,4.372621640204167,Consumer Defensive,Packaged Foods
KR,The Kroger Co.,54790799360,717468032,49.2599983215332,-0.36408106486002145,Consumer Defensive,Grocery Stores
LHX,"L3Harris Technologies, Inc.",47159468032,189452992,189.7100067138672,0.07385488941667687,Industrials,Aerospace & Defense
LH,Laboratory Corporation of America Holdings,25935869952,88500896,227.1699981689453,0.5399416547666847,Healthcare,Diagnostics & Research
LRCX,Lam Research Corporation,69745483776,134340000,519.8599853515625,-0.38706496674283275,Technology,Semiconductor Equipment & Materials
LW,"Lamb Weston Holdings, Inc.",18805057536,145704000,112.20999908447266,0.7090280779686362,Consumer Defensive,Packaged Foods
LVS,Las Vegas Sands Corp.,57857634304,764270976,62.41999816894531,-1.9016216109613233,Consumer Cyclical,Resorts & Casinos
LEG,"Leggett & Platt, Incorporated",6266953216,133074000,32.619998931884766,0.9282145169701899,Consumer Cyclical,"Furnishings, Fixtures & Appliances"
LDOS,"Leidos Holdings, Inc.",18073960448,137192992,82.41999816894531,2.2453767137393785,Technology,Information Technology Services
LEN,Lennar Corporation,34144991232,253772992,114.62999725341797,1.4065793112331586,Consumer Cyclical,Residential Construction
LNC,Lincoln National Corporation,5471491072,169538000,21.375,4.014598540145982,Financial Services,Insurance—Life
LIN,Linde plc,197706711040,490252000,366.80999755859375,-0.8728792674862907,Basic Materials,Specialty Chemicals
LYV,"Live Nation Entertainment, Inc.",18973257728,231591008,67.80000305175781,0.07380524244695572,Communication Services,Entertainment
LKQ,LKQ Corporation,19257204736,267290000,57.724998474121094,0.8825558792748949,Consumer Cyclical,Auto Parts
LMT,Lockheed Martin Corporation,129375059968,254519008,457.239990234375,-0.35956542213275217,Industrials,Aerospace & Defense
L,Loews Corporation,13869562880,227898000,59.165000915527344,0.24568098191687665,Financial Services,Insurance—Property & Casualty
LOW,"Lowe's Companies, Inc.",158930501632,596355968,209.5399932861328,1.7332588659187325,Consumer Cyclical,Home Improvement Retail
LUMN,"Lumen Technologies, Inc.",2343050240,1004870016,2.4800000190734863,5.982906798012243,Communication Services,Telecom Services
LYB,LyondellBasell Industries N.V.,41829638144,325273984,91.5,-0.47857298237981044,Basic Materials,Specialty Chemicals
MTB,M&T Bank Corporation,12363523072,168044000,120.1449966430664,2.338157276887905,Financial Services,Banks—Regional
MRO,Marathon Oil Corporation,20866887680,622875008,22.479999542236328,-1.1433617315904587,Energy,Oil & Gas E&P
MPC,Marathon Petroleum Corporation,54561673216,441625984,112.43000030517578,-3.8813368340807197,Energy,Oil & Gas Refining & Marketing
MKTX,MarketAxess Holdings Inc.,11620009984,37669400,303.54998779296875,-4.864140222218085,Financial Services,Capital Markets
MAR,"Marriott International, Inc.",52423733248,308884000,180.16000366210938,0.8678146028270316,Consumer Cyclical,Lodging
MMC,"Marsh & McLennan Companies, Inc.",103020478464,494720992,179.8621063232422,0.20173054219620473,Financial Services,Insurance Brokers
MLM,"Martin Marietta Materials, Inc.",28087181312,61997000,374.7200012207031,0.7718169209904806,Basic Materials,Building Materials
MAS,Masco Corporation,15372723200,225088992,53.93000030517578,1.125070889135164,Industrials,Building Products & Equipment
MA,Mastercard Incorporated,365098008576,940179968,378.42999267578125,0.6382450006066743,Financial Services,Credit Services
MTCH,"Match Group, Inc.",13029320704,279324000,36.970001220703125,6.8806048589277875,Communication Services,Internet Content & Information
MKC,"McCormick & Company, Incorporated",28580968448,250838000,88.2074966430664,-0.02550533484483478,Consumer Defensive,Packaged Foods
MCD,McDonald's Corporation,263885570048,730032000,296.135009765625,-0.649173091681482,Consumer Cyclical,Restaurants
MCK,McKesson Corporation,55249059840,136939008,356.4100036621094,-1.2714671296095914,Healthcare,Medical Distribution
MDT,Medtronic plc,137212133376,1330419968,90.5,0.2992352875983553,Healthcare,Medical Devices
MRK,"Merck & Co., Inc.",318134681600,2537690112,118.66500091552734,0.6573932611140412,Healthcare,Drug Manufacturers—General
MET,"MetLife, Inc.",118603341824,774361984,60.2400016784668,1.3629508303328237,Financial Services,Insurance—Life
MTD,Mettler-Toledo International Inc.,35249033216,22070100,1495.0400390625,-0.49584096649561793,Healthcare,Diagnostics & Research
MGM,MGM Resorts International,44784807936,363799008,45.040000915527344,-1.980411500484568,Consumer Cyclical,Resorts & Casinos
MCHP,Microchip Technology Incorporated,48031723520,547795968,76.37999725341797,0.34156234027583315,Technology,Semiconductors
MU,"Micron Technology, Inc.",69869010944,1094390016,61.630001068115234,-0.4361856734810407,Technology,Semiconductors
MSFT,Microsoft Corporation,2245765365760,7435489792,304.9100036621094,-0.16371315212031368,Technology,Software—Infrastructure
MAA,"Mid-America Apartment Communities, Inc.",21991462912,116660000,150.48500061035156,0.1897474103539107,Real Estate,REIT—Residential
MRNA,"Moderna, Inc.",42063024128,385678016,130.91000366210938,-0.37290436673563976,Healthcare,Biotechnology
MHK,"Mohawk Industries, Inc.",9594972160,63679600,102.20999908447266,1.127930231000953,Consumer Cyclical,"Furnishings, Fixtures & Appliances"
TAP,Molson Coors Beverage Company,19406594048,200352992,64.79499816894531,-0.4379253703974889,Consumer Defensive,Beverages—Brewers
MDLZ,"Mondelez International, Inc.",124272328704,1361849984,77.1500015258789,-0.5798949408776909,Consumer Defensive,Confectioners
MPWR,"Monolithic Power Systems, Inc.",21581584384,47305000,461.92999267578125,-1.3244199953471782,Technology,Semiconductors
MNST,Monster Beverage Corporation,56756170752,1044819968,57.98500061035156,0.7733761041911077,Consumer Defensive,Beverages—Non-Alcoholic
MCO,Moody's Corporation,63565189120,183500000,307.42999267578125,0.5428893206597338,Financial Services,Financial Data & Stock Exchanges
MS,Morgan Stanley,-33340700672,1670000000,86.98999786376953,0.8112155102207961,Financial Services,Capital Markets
MSI,"Motorola Solutions, Inc.",54272032768,167250000,291.7049865722656,-0.4963205852552872,Technology,Communication Equipment
MSCI,MSCI Inc.,42256699392,80063400,471.3599853515625,0.6126033323149888,Financial Services,Financial Data & Stock Exchanges
NDAQ,"Nasdaq, Inc.",31961995264,489003008,54.33000183105469,0.11056169348569074,Financial Services,Financial Data & Stock Exchanges
NTAP,"NetApp, Inc.",12854290432,213904992,62.65999984741211,0.6909848102396152,Technology,Computer Hardware
NFLX,"Netflix, Inc.",150291021824,444540992,319.760009765625,0.6959564684695287,Communication Services,Entertainment
NWL,Newell Brands Inc.,10562420736,414100000,10.420000076293945,0.5791513155786282,Consumer Defensive,Household & Personal Products
NEM,Newmont Corporation,40990867456,794712000,47.959999084472656,-0.20807514674853522,Basic Materials,Gold
NWSA,News Corporation,13825264640,381120000,17.094999313354492,0.6772633295317536,Communication Services,Entertainment
NWS,News Corporation,13917361152,192628992,17.225000381469727,0.6721237958487851,Communication Services,Entertainment
NEE,"NextEra Energy, Inc.",232107655168,2023420032,75.7300033569336,-0.2765296853652936,Utilities,Utilities—Regulated Electric
NKE,"NIKE, Inc.",198375604224,1245670016,125.7699966430664,-1.170834006705641,Consumer Cyclical,Footwear & Accessories
NI,NiSource Inc.,24697397248,412983008,27.979999542236328,0.25080452252356855,Utilities,Utilities—Regulated Gas
NSC,Norfolk Southern Corporation,61383438336,227640000,205.82749938964844,0.9502670016422833,Industrials,Railroads
NTRS,Northern Trust Corporation,35501985792,208342000,74.83499908447266,0.3015669273189342,Financial Services,Asset Management
NOC,Northrop Grumman Corporation,81850040320,151859008,448.239990234375,-0.12700469366212924,Industrials,Aerospace & Defense
NCLH,Norwegian Cruise Line Holdings Ltd.,18525317120,424159008,14.489999771118164,0.8350714761180574,Consumer Cyclical,Travel Services
NRG,"NRG Energy, Inc.",15530375168,232270000,33.404998779296875,0.22501883977460757,Utilities,Utilities—Independent Power Producers
NUE,Nucor Corporation,39752151040,251000000,148.9600067138672,1.6375591661211688,Basic Materials,Steel
NVDA,NVIDIA Corporation,712812003328,2470000128,279.1099853515625,-1.0599130267414116,Technology,Semiconductors
NVR,"NVR, Inc.",17310136320,3241750,5956.10986328125,1.1815026650751812,Consumer Cyclical,Residential Construction
NXPI,NXP Semiconductors N.V.,44510175232,259735008,167.6699981689453,-2.2389375727681644,Technology,Semiconductors
ORLY,"O'Reilly Automotive, Inc.",64261976064,61038900,930.3300170898438,-0.6609557628407542,Consumer Cyclical,Specialty Retail
OXY,Occidental Petroleum Corporation,83583352832,898115008,59.58000183105469,-0.766152846344623,Energy,Oil & Gas E&P
ODFL,"Old Dominion Freight Line, Inc.",34566352896,109950000,321.8999938964844,2.0058921622728336,Industrials,Trucking
OMC,Omnicom Group Inc.,22437269504,199515008,91.43000030517578,0.42838346350590395,Communication Services,Advertising Agencies
OKE,"ONEOK, Inc.",41561903104,447440000,62.54499816894531,-0.310809421508909,Energy,Oil & Gas Midstream
ORCL,Oracle Corporation,339681214464,2699800064,94.7750015258789,-0.02636969843996931,Technology,Software—Infrastructure
OGN,Organon & Co.,14638376960,255062000,24.28499984741211,0.9351614605657135,Healthcare,Drug Manufacturers—General
OTIS,Otis Worldwide Corporation,41843511296,413291008,86.3499984741211,0.10433396026094206,Industrials,Specialty Industrial Machinery
PCAR,PACCAR Inc,45359919104,522555008,72.91500091552734,0.6696133032270287,Industrials,Farm & Heavy Construction Machinery
PKG,Packaging Corporation of America,14278858752,89883600,135.02000427246094,1.1007145432129735,Consumer Cyclical,Packaging & Containers
PH,Parker-Hannifin Corporation,55245074432,128266000,327.6499938964844,0.8091790955893156,Industrials,Specialty Industrial Machinery
PAYX,"Paychex, Inc.",38103998464,360467008,108.54000091552734,0.8736067988172393,Industrials,Staffing & Employment Services
PAYC,"Paycom Software, Inc.",16889083904,60305900,292.6000061035156,1.3333354471049783,Technology,Software—Application
PYPL,"PayPal Holdings, Inc.",82462662656,1122809984,72.12999725341797,-0.2075300865827786,Financial Services,Credit Services
PENN,"PENN Entertainment, Inc.",15884952576,154148992,30.729999542236328,0.8202084719039623,Consumer Cyclical,Resorts & Casinos
PNR,Pentair plc,11994175488,164950000,58.290000915527344,0.7605893094681803,Industrials,Specialty Industrial Machinery
PEP,"PepsiCo, Inc.",300772229120,1377689984,192.5,0.13003901170351106,Consumer Defensive,Beverages—Non-Alcoholic
PKI,"PerkinElmer, Inc.",20414117888,126412000,129.1999969482422,0.3651028884037892,Healthcare,Diagnostics & Research
PFE,Pfizer Inc.,219481047040,5644400128,38.76499938964844,-0.7552498984935094,Healthcare,Drug Manufacturers—General
PM,Philip Morris International Inc.,200774746112,1552199936,96.74500274658203,-0.17025823281185157,Consumer Defensive,Tobacco
PSX,Phillips 66,62344462336,460912992,94.04750061035156,-0.7204680562107478,Energy,Oil & Gas Refining & Marketing
PNW,Pinnacle West Capital Corporation,17861031936,113251000,78.73500061035156,0.3760844089132646,Utilities,Utilities—Regulated Electric
PXD,Pioneer Natural Resources Company,53956931584,233736000,207.15499877929688,-1.124051940577116,Energy,Oil & Gas E&P
PNC,"The PNC Financial Services Group, Inc.",101083856896,399681984,119.23999786376953,0.08393307350136871,Financial Services,Banks—Regional
POOL,Pool Corporation,15160254464,39038200,357.9200134277344,3.1796861909349903,Industrials,Industrial Distribution
PPG,"PPG Industries, Inc.",39642746880,235358000,139.8699951171875,0.1934062444036574,Basic Materials,Specialty Chemicals
PPL,PPL Corporation,35200221184,737056000,28.510000228881836,0.0350885223924068,Utilities,Utilities—Regulated Electric
PFG,"Principal Financial Group, Inc.",17687339008,243100000,72.01000213623047,1.009962317618828,Financial Services,Asset Management
PG,The Procter & Gamble Company,398798716928,2356969984,156.35499572753906,-0.04794749885632188,Consumer Defensive,Household & Personal Products
PGR,The Progressive Corporation,83496058880,585366016,122.95999908447266,-4.169589989499919,Financial Services,Insurance—Property & Casualty
PLD,"Prologis, Inc.",142344749056,923449984,122.77999877929688,0.24493695239783722,Real Estate,REIT—Industrial
PRU,"Prudential Financial, Inc.",38870458368,366974016,84.06999969482422,0.6344262566725071,Financial Services,Insurance—Life
PTC,PTC Inc.,16654673920,118263000,124.91000366210938,-0.2953355187504998,Technology,Software—Application
PEG,Public Service Enterprise Group Incorporated,51494330368,498769984,63.18000030517578,0.5890786581368873,Utilities,Utilities—Regulated Electric
PSA,Public Storage,61963841536,175795008,282.6700134277344,-1.443459632601941,Real Estate,REIT—Industrial
PHM,"PulteGroup, Inc.",15855249408,223224000,66.7300033569336,1.459637155136989,Consumer Cyclical,Residential Construction
PVH,PVH Corp.,8564669440,62712800,84.03500366210938,-0.08916459147619123,Consumer Cyclical,Apparel Manufacturing
QRVO,"Qorvo, Inc.",10462085120,99889200,94.16000366210938,0.7813375383809998,Technology,Semiconductors
QCOM,QUALCOMM Incorporated,137800597504,1115000064,114.87999725341797,-1.0593426462682205,Technology,Semiconductors
PWR,"Quanta Services, Inc.",27771709440,145160000,169.6300048828125,0.898170879617235,Industrials,Engineering & Construction
DGX,Quest Diagnostics Incorporated,20031590400,112009000,137.3699951171875,-0.5358083287325418,Healthcare,Diagnostics & Research
RL,Ralph Lauren Corporation,8626754560,41098100,113.26000213623047,0.6755574544270834,Consumer Cyclical,Apparel Manufacturing
RJF,"Raymond James Financial, Inc.",10574216192,211600000,87.06500244140625,0.5950345943457571,Financial Services,Capital Markets
RTX,Raytheon Technologies Corporation,176374710272,1461139968,98.17009735107422,-0.7079019408574753,Industrials,Aerospace & Defense
O,Realty Income Corporation,59173437440,660521024,61.29499816894531,-0.15475131300649628,Real Estate,REIT—Retail
REG,Regency Centers Corporation,14308378624,171308000,60.18000030517578,0.31671996195329094,Real Estate,REIT—Retail
REGN,"Regeneron Pharmaceuticals, Inc.",81056718848,107507000,803.239990234375,0.5999111070668113,Healthcare,Biotechnology
RF,Regions Financial Corporation,13832399872,935000000,16.940000534057617,1.7417449492950068,Financial Services,Banks—Regional
RSG,"Republic Services, Inc.",58019713024,316281984,145.5399932861328,0.4001057437450362,Industrials,Waste Management
RMD,ResMed Inc.,36150894592,146931008,236.6011962890625,0.28023916633996027,Healthcare,Medical Instruments & Supplies
RHI,Robert Half International Inc.,7097892864,107837000,70.27999877929688,-0.9722435123335548,Industrials,Staffing & Employment Services
ROK,"Rockwell Automation, Inc.",36205314048,114875000,280.45001220703125,0.5125124389044757,Industrials,Specialty Industrial Machinery
ROL,"Rollins, Inc.",20556488704,492787008,41.834999084472656,0.05979211784896909,Consumer Cyclical,Personal Services
ROP,"Roper Technologies, Inc.",54234669056,106535000,459.364990234375,-0.29410699896358466,Technology,Software—Application
ROST,"Ross Stores, Inc.",37326192640,342048000,105.01000213623047,0.22907524695091414,Consumer Cyclical,Apparel Retail
RCL,Royal Caribbean Cruises Ltd.,39374282752,255732000,68.3499984741211,0.7963404720853731,Consumer Cyclical,Travel Services
SPGI,S&P Global Inc.,128655212544,320800000,356.07000732421875,0.014046212072009491,Financial Services,Financial Data & Stock Exchanges
CRM,"Salesforce, Inc.",196210999296,979022976,194.63999938964844,0.41271119977735976,Technology,Software—Application
SBAC,SBA Communications Corporation,41766154240,108322000,243.38999938964844,-1.4575491357348764,Real Estate,REIT—Specialty
SLB,Schlumberger Limited,76750782464,1425330048,45.52000045776367,-1.42918913433592,Energy,Oil & Gas Equipment & Services
STX,Seagate Technology Holdings plc,17322743808,207082000,56.90999984741211,0.10554062869324178,Technology,Computer Hardware
SEE,Sealed Air Corporation,10187442176,144384992,42.0,-1.5932521087160256,Consumer Cyclical,Packaging & Containers
SRE,Sempra Energy,81783545856,314649984,152.63999938964844,-0.3655356464435713,Utilities,Utilities—Diversified
NOW,"ServiceNow, Inc.",89090531328,203740000,445.2550048828125,0.35498667571504083,Technology,Software—Application
SHW,The Sherwin-Williams Company,72387698688,257890000,232.64999389648438,0.33206567900827133,Basic Materials,Specialty Chemicals
SPG,"Simon Property Group, Inc.",62196080640,326732000,109.91000366210938,-1.909858400616352,Real Estate,REIT—Retail
SWKS,"Skyworks Solutions, Inc.",18211602432,159152992,106.2300033569336,0.7874794657813927,Technology,Semiconductors
SNA,Snap-on Incorporated,14350756864,52931800,263.44000244140625,0.5189264504755289,Industrials,Tools & Accessories
SO,The Southern Company,143293939712,1090400000,73.36869812011719,0.2989721395997017,Utilities,Utilities—Regulated Electric
LUV,Southwest Airlines Co.,15905284096,595073024,30.5049991607666,1.8190893216508703,Industrials,Airlines
SWK,"Stanley Black & Decker, Inc.",20783413248,153055008,87.62999725341797,2.503213537744735,Industrials,Tools & Accessories
SBUX,Starbucks Corporation,152119279616,1149299968,105.80000305175781,-7.56595924186806,Consumer Cyclical,Restaurants
STT,State Street Corporation,-37877944320,334259008,70.31999969482422,0.042679890203745185,Financial Services,Asset Management
STE,STERIS plc,22076878848,99284400,189.2899932861328,-0.39989829722030984,Healthcare,Medical Devices
SYK,Stryker Corporation,121484312576,379121984,287.75,-2.0892170539997914,Healthcare,Medical Devices
SYF,Synchrony Financial,12167833600,428571008,27.920000076293945,1.3798114607623317,Financial Services,Credit Services
SNPS,"Synopsys, Inc.",56028856320,152302000,367.42498779296875,-0.3809376154410526,Technology,Software—Infrastructure
SYY,Sysco Corporation,38363164672,507604000,75.0999984741211,-0.9234848626370757,Consumer Defensive,Food Distribution
TMUS,"T-Mobile US, Inc.",277802909696,1199890048,140.35000610351562,-0.00712018843287877,Communication Services,Telecom Services
TROW,"T. Rowe Price Group, Inc.",24502243328,224514000,107.05500030517578,0.9476664829568922,Financial Services,Asset Management
TTWO,"Take-Two Interactive Software, Inc.",23307956224,168675008,122.59500122070312,0.8016783594006911,Communication Services,Electronic Gaming & Multimedia
TPR,"Tapestry, Inc.",12054413312,236076000,39.5,-0.703871292106589,Consumer Cyclical,Luxury Goods
TGT,Target Corporation,89257394176,460364000,156.5399932861328,0.526581868824052,Consumer Defensive,Discount Stores
TEL,TE Connectivity Ltd.,42255175680,315115008,122.72540283203125,0.07779730248002492,Technology,Electronic Components
TDY,Teledyne Technologies Incorporated,22765615104,47045600,414.4200134277344,0.34382891712696734,Technology,Scientific & Technical Instruments
TFX,Teleflex Incorporated,14124774400,46944200,271.17999267578125,0.922959685813644,Healthcare,Medical Instruments & Supplies
TER,"Teradyne, Inc.",13768011776,155756000,92.41000366210938,0.10833459225368076,Technology,Semiconductor Equipment & Materials
TSLA,"Tesla, Inc.",492456247296,3169499904,164.4499969482422,2.5824945095391336,Consumer Cyclical,Auto Manufacturers
TXN,Texas Instruments Incorporated,149381775360,907654016,165.27000427246094,0.8112750228503964,Technology,Semiconductors
TXT,Textron Inc.,15805182976,201680000,67.61000061035156,0.32645883714432694,Industrials,Aerospace & Defense
COO,"The Cooper Companies, Inc.",21481828352,49455700,383.0299987792969,0.2040546185210922,Healthcare,Medical Instruments & Supplies
HIG,"The Hartford Financial Services Group, Inc.",22354651136,310235008,70.44999694824219,-0.08509864098399889,Financial Services,Insurance—Diversified
HSY,The Hershey Company,60630978560,147284992,274.45001220703125,0.054689102089405264,Consumer Defensive,Confectioners
MOS,The Mosaic Company,17792169984,332099008,43.060001373291016,-0.6231216863812201,Basic Materials,Agricultural Inputs
TRV,"The Travelers Companies, Inc.",45264302080,230976992,180.50999450683594,-0.011081533907972988,Financial Services,Insurance—Property & Casualty
DIS,The Walt Disney Company,239353970688,1826809984,101.52999877929688,0.9244520668955076,Communication Services,Entertainment
TMO,Thermo Fisher Scientific Inc.,243619004416,385697984,554.2000122070312,1.908722041673936,Healthcare,Diagnostics & Research
TJX,"The TJX Companies, Inc.",97443995648,1151490048,78.2699966430664,0.038339267722918416,Consumer Cyclical,Apparel Retail
TSCO,Tractor Supply Company,30695055360,109568000,243.63999938964844,0.6984911715843972,Consumer Cyclical,Specialty Retail
TT,Trane Technologies plc,47099027456,228050000,182.03500366210938,-3.460435054036183,Industrials,Building Products & Equipment
TDG,TransDigm Group Incorporated,58492284928,54598100,775.9600219726562,0.525977713778504,Industrials,Aerospace & Defense
TRMB,Trimble Inc.,12973603840,247391008,47.7599983215332,3.8712447184280263,Technology,Scientific & Technical Instruments
TFC,Truist Financial Corporation,96416055296,1331920000,29.125,0.017170329670326254,Financial Services,Banks—Regional
TYL,"Tyler Technologies, Inc.",16774766592,41925300,380.75,0.4193480324928724,Technology,Software—Application
TSN,"Tyson Foods, Inc.",30011166720,285616000,61.150001525878906,0.3446037510320127,Consumer Defensive,Farm Products
USB,U.S. Bancorp,89462022144,1532999936,30.475000381469727,-0.5060385848196945,Financial Services,Banks—Regional
UDR,"UDR, Inc.",19923576832,329172992,40.165000915527344,-0.03732972740830255,Real Estate,REIT—Residential
ULTA,"Ulta Beauty, Inc.",27913259008,50088600,524.6300048828125,-1.1884572865460417,Consumer Cyclical,Specialty Retail
UAA,"Under Armour, Inc.",4409050112,188704000,8.505000114440918,0.8896810728460054,Consumer Cyclical,Apparel Manufacturing
UA,"Under Armour, Inc.",4049743616,220434000,7.695000171661377,0.9842542212779113,Consumer Cyclical,Apparel Manufacturing
UNP,Union Pacific Corporation,153824985088,609694976,197.1300048828125,0.5406257371410755,Industrials,Railroads
UAL,"United Airlines Holdings, Inc.",34593095680,327968992,44.9468994140625,0.9362214553390946,Industrials,Airlines
UPS,"United Parcel Service, Inc.",170310074368,723299008,177.24000549316406,-0.33737882750558984,Industrials,Integrated Freight & Logistics
URI,"United Rentals, Inc.",36834426880,68731200,359.67498779296875,1.1971717384977587,Industrials,Rental & Leasing Services
UNH,UnitedHealth Group Incorporated,496337092608,931603008,488.5400085449219,-0.9829934646178706,Healthcare,Healthcare Plans
UHS,"Universal Health Services, Inc.",15360650240,62789900,143.05999755859375,-0.6113675430083699,Healthcare,Medical Care Facilities
VLO,Valero Energy Corporation,48048848896,361516992,108.6449966430664,-1.9272462149608187,Energy,Oil & Gas Refining & Marketing
VTR,"Ventas, Inc.",31569713152,400054016,47.31999969482422,0.29673525821157065,Real Estate,REIT—Healthcare Facilities
VRSN,"VeriSign, Inc.",23612254208,104096000,224.67999267578125,2.308634705059531,Technology,Software—Infrastructure
VRSK,"Verisk Analytics, Inc.",33647177728,144456992,204.86000061035156,8.403005932030677,Industrials,Consulting Services
VZ,Verizon Communications Inc.,343550361600,4203990016,37.7599983215332,0.2389124542957298,Communication Services,Telecom Services
VRTX,Vertex Pharmaceuticals Incorporated,79212601344,257588992,346.2300109863281,0.057801631745268416,Healthcare,Biotechnology
VFC,V.F. Corporation,15772951552,388656992,22.040000915527344,1.1473194838336147,Consumer Cyclical,Apparel Manufacturing
VTRS,Viatris Inc.,29104842752,1199010048,9.154999732971191,0.3837690018771074,Healthcare,Drug Manufacturers—Specialty & Generic
V,Visa Inc.,482579972096,1618220032,228.1199951171875,0.5022447427912197,Financial Services,Credit Services
VNO,Vornado Realty Trust,12654270464,191880992,13.675000190734863,-1.830580109584612,Real Estate,REIT—Office
VMC,Vulcan Materials Company,28095774720,133057000,181.72500610351562,1.36944614465087,Basic Materials,Building Materials
WRB,W. R. Berkley Corporation,15999695872,273952992,58.279998779296875,-0.20548154229986915,Financial Services,Insurance—Property & Casualty
GWW,"W.W. Grainger, Inc.",37505200128,50167000,690.9199829101562,0.30632292071199674,Industrials,Industrial Distribution
WAB,Westinghouse Air Brake Technologies Corporation,21547790336,179870000,97.86499786376953,1.22569079827216,Industrials,Railroads
WBA,"Walgreens Boots Alliance, Inc.",74026655744,862796032,32.38999938964844,-3.313434657765858,Healthcare,Pharmaceutical Retailers
WMT,Walmart Inc.,467237273600,2697349888,151.02999877929688,-0.09922028092547415,Consumer Defensive,Discount Stores
WM,"Waste Management, Inc.",82979954688,406816992,166.86000061035156,0.0899769721981612,Industrials,Waste Management
WAT,Waters Corporation,18764957696,59020200,296.7699890136719,-0.41609710624748025,Healthcare,Diagnostics & Research
WEC,"WEC Energy Group, Inc.",48474890240,315435008,93.81999969482422,-1.5013126563525263,Utilities,Utilities—Regulated Electric
WFC,Wells Fargo & Company,107544600576,3833799936,38.98500061035156,0.3733280390101933,Financial Services,Banks—Diversified
WELL,Welltower Inc.,37951311872,496295008,76.83000183105469,-0.672266540330067,Real Estate,REIT—Healthcare Facilities
WST,"West Pharmaceutical Services, Inc.",26869643264,74242600,374.6600036621094,1.3635635685594314,Healthcare,Medical Instruments & Supplies
WDC,Western Digital Corporation,16177718272,319328000,33.45000076293945,-0.05975272500909991,Technology,Computer Hardware
WU,The Western Union Company,5582997504,374422016,11.880000114440918,11.96984085241205,Financial Services,Credit Services
WRK,WestRock Company,17489158144,254652000,29.53499984741211,0.7332873376947786,Consumer Cyclical,Packaging & Containers
WY,Weyerhaeuser Company,25557522432,732296000,29.764999389648438,2.426013040772329,Real Estate,REIT—Specialty
WHR,Whirlpool Corporation,14753611776,54757900,141.94000244140625,2.1151096700764387,Consumer Cyclical,"Furnishings, Fixtures & Appliances"
WMB,"The Williams Companies, Inc.",62515572736,1218809984,29.06999969482422,-0.7849839767091533,Energy,Oil & Gas Midstream
WYNN,"Wynn Resorts, Limited",22295158784,113682000,111.16999816894531,-1.7932878366207512,Consumer Cyclical,Resorts & Casinos
XEL,Xcel Energy Inc.,63962624000,550355968,68.77999877929688,-0.4630987275008963,Utilities,Utilities—Regulated Electric
XYL,Xylem Inc.,20105695232,180618000,104.81999969482422,0.28702611445103593,Industrials,Specialty Industrial Machinery
YUM,"Yum! Brands, Inc.",52295413760,280000000,138.7949981689453,-2.8726394898913177,Consumer Cyclical,Restaurants
ZBRA,Zebra Technologies Corporation,14776293376,51404700,260.7699890136719,2.08659137710299,Technology,Communication Equipment
ZBH,"Zimmer Biomet Holdings, Inc.",35648868352,209798000,139.97999572753906,-2.118735943263358,Healthcare,Medical Devices
ZION,"Zions Bancorporation, National Association",13405041664,148100000,24.3700008392334,1.8812744115108557,Financial Services,Banks—Regional
ZTS,Zoetis Inc.,86559113216,462559008,178.55499267578125,0.9355526714421957,Healthcare,Drug Manufacturers—Specialty & Generic
